gene	E_mutational_propensity	E_cancer_types	E_variant	I_mutational_propensity	I_cancer_type	I_variant
ABCA2	MP1	UCEC	SCNAs	MP2	pan-cancer	TSS_methylation
ABCF3	MP1	UCEC	SCNAs	MP1	UCEC	SCNAs
ABL2	MP5	UCEC	SCNAs	MP5	UCEC	Somatic_Nsy_mutations
ACACA	MP1	LUAD	TSS_methylation	MP1	LUAD	TSS_methylation
ACACA	MP1	LUAD	TSS_methylation	MP5	UCEC	Somatic_Nsy_mutations
ACTR1B	MP5	UCEC	SCNAs	MP5	UCEC	Somatic_Nsy_mutations
ACTR2	MP1	pan-cancer	SCNAs	MP1	pan-cancer	SCNAs
ACVR1	MP3	UCEC	SCNAs	MP3	UCEC	Somatic_Nsy_mutations
ACVR1	MP3	UCEC	SCNAs	MP3	UCEC	SCNAs
ADAMTS6	MP3	UCEC	SCNAs	MP3	UCEC	SCNAs
ADCY10	MP6	UCEC	SCNAs	MP6	UCEC	Somatic_Nsy_mutations
ADCY10	MP6	UCEC	SCNAs	MP6	UCEC	SCNAs
ADCY10	MP6	UCEC	SCNAs	MP3	UCEC	Somatic_Nsy_mutations
ADCY10	MP6	UCEC	SCNAs	MP2	pan-cancer	TSS_methylation
ADCY10	MP6	UCEC	SCNAs	MP4	UCEC	Somatic_Nsy_mutations
ADNP2	MP1	STAD	SCNAs	MP1	STAD	SCNAs
ADNP2	MP3	STAD	SCNAs	MP1	STAD	SCNAs
ADRM1	MP3	UCEC	SCNAs	MP3	UCEC	SCNAs
AKNA	MP1	UCEC	SCNAs	MP1	UCEC	SCNAs
ALK	MP5	UCEC	SCNAs	MP5	UCEC	Somatic_Nsy_mutations
ALPK3	MP1	UCEC	SCNAs	MP1	UCEC	Somatic_Nsy_mutations
ALPK3	MP1	UCEC	SCNAs	MP2	pan-cancer	TSS_methylation
ALPK3	MP1	UCEC	SCNAs	MP1	UCEC	SCNAs
AMDHD2	MP1	pan-cancer	SCNAs	MP1	pan-cancer	SCNAs
ANAPC1	MP1	pan-cancer	SCNAs	MP1	pan-cancer	SCNAs
ANKS6	MP1	UCEC	SCNAs	MP1	UCEC	SCNAs
AP1B1	MP6	UCEC	SCNAs	MP6	UCEC	Somatic_Nsy_mutations
APBA3	MP6	UCEC	SCNAs	MP6	UCEC	SCNAs
APBA3	MP5	UCEC	SCNAs	MP6	UCEC	SCNAs
APOL1	MP1	UCEC	SCNAs	MP1	UCEC	SCNAs
APOL6	MP1	UCEC	SCNAs	MP1	UCEC	SCNAs
ARC	MP3	UCEC	SCNAs	MP3	UCEC	SCNAs
ARID4B	MP5	UCEC	SCNAs	MP5	UCEC	Somatic_Nsy_mutations
ARL16	MP2	pan-cancer	SCNAs	MP2	pan-cancer	TSS_methylation
ARL2	MP1	pan-cancer	SCNAs	MP1	pan-cancer	SCNAs
ARMC5	MP3	COAD	SCNAs	MP3	COAD	TSS_methylation
ASAH1	MP1	pan-cancer	SCNAs	MP1	pan-cancer	SCNAs
ASS1	MP3	UCEC	SCNAs	MP3	UCEC	Somatic_Nsy_mutations
ASS1	MP3	UCEC	SCNAs	MP3	UCEC	SCNAs
ATOH8	MP1	UCEC	SCNAs	MP4	UCEC	SCNAs
ATOH8	MP1	UCEC	SCNAs	MP1	UCEC	SCNAs
ATP8B4	MP4	UCEC	SCNAs	MP4	UCEC	SCNAs
B3GNT4	MP1	UCEC	SCNAs	MP3	UCEC	TSS_methylation
B3GNT4	MP1	UCEC	SCNAs	MP1	UCEC	SCNAs
B3GNT4	MP1	UCEC	SCNAs	MP3	UCEC	SCNAs
B3GNT4	MP1	UCEC	SCNAs	MP3	UCEC	Somatic_Nsy_mutations
B3GNT4	MP1	UCEC	SCNAs	MP1	UCEC	TSS_methylation
B3GNT4	MP1	UCEC	TSS_methylation	MP3	UCEC	TSS_methylation
B3GNT4	MP1	UCEC	TSS_methylation	MP1	UCEC	SCNAs
B3GNT4	MP1	UCEC	TSS_methylation	MP3	UCEC	SCNAs
B3GNT4	MP1	UCEC	TSS_methylation	MP3	UCEC	Somatic_Nsy_mutations
B3GNT4	MP1	UCEC	TSS_methylation	MP1	UCEC	TSS_methylation
BCL11A	MP6	pan-cancer	SCNAs	MP6	pan-cancer	Somatic_Nsy_mutations
BIN1	MP1	UCEC	SCNAs	MP1	UCEC	Somatic_Nsy_mutations
BIRC6	MP3	pan-cancer	SCNAs	MP3	pan-cancer	SCNAs
BMP1	MP3	COAD	SCNAs	MP3	COAD	Somatic_Nsy_mutations
BMP1	MP3	COAD	SCNAs	MP1	COAD	Somatic_Nsy_mutations
BMP1	MP3	COAD	SCNAs	MP3	COAD	SCNAs
BMP1	MP1	COAD	SCNAs	MP3	COAD	Somatic_Nsy_mutations
BMP1	MP1	COAD	SCNAs	MP1	COAD	Somatic_Nsy_mutations
BMP1	MP1	COAD	SCNAs	MP3	COAD	SCNAs
BMP2K	MP1	UCEC	SCNAs	MP1	UCEC	SCNAs
BMPR2	MP1	STAD	Somatic_Nsy_mutations	MP1	STAD	Somatic_Nsy_mutations
BNIP2	MP4	UCEC	SCNAs	MP4	UCEC	SCNAs
BOD1	MP1	pan-cancer	SCNAs	MP3	pan-cancer	Somatic_Nsy_mutations
BOD1	MP1	pan-cancer	SCNAs	MP1	pan-cancer	SCNAs
BRCA1	MP2	pan-cancer	SCNAs	MP2	BRCA	SCNAs
BRCA1	MP2	pan-cancer	SCNAs	MP2	BRCA	Germline_truncation
BRCA1	MP2	pan-cancer	SCNAs	MP2	pan-cancer	TSS_methylation
BRCA1	MP2	pan-cancer	SCNAs	MP1	OV	Somatic_Nsy_mutations
BRCA1	MP2	BRCA	Germline_truncation	MP2	BRCA	SCNAs
BRCA1	MP2	BRCA	Germline_truncation	MP2	BRCA	Germline_truncation
BRCA1	MP2	BRCA	Germline_truncation	MP2	pan-cancer	TSS_methylation
BRCA1	MP2	BRCA	Germline_truncation	MP1	OV	Somatic_Nsy_mutations
BRCA1	MP1	OV	Somatic_Nsy_mutations	MP2	BRCA	SCNAs
BRCA1	MP1	OV	Somatic_Nsy_mutations	MP2	BRCA	Germline_truncation
BRCA1	MP1	OV	Somatic_Nsy_mutations	MP2	pan-cancer	TSS_methylation
BRCA1	MP1	OV	Somatic_Nsy_mutations	MP1	OV	Somatic_Nsy_mutations
BRCA1	MP2	BRCA	SCNAs	MP2	BRCA	SCNAs
BRCA1	MP2	BRCA	SCNAs	MP2	BRCA	Germline_truncation
BRCA1	MP2	BRCA	SCNAs	MP2	pan-cancer	TSS_methylation
BRCA1	MP2	BRCA	SCNAs	MP1	OV	Somatic_Nsy_mutations
C14orf178	MP1	pan-cancer	SCNAs	MP1	pan-cancer	SCNAs
C17orf97	MP2	pan-cancer	SCNAs	MP2	pan-cancer	TSS_methylation
C1D	MP1	pan-cancer	SCNAs	MP1	pan-cancer	SCNAs
C1QTNF7	MP1	pan-cancer	SCNAs	MP1	pan-cancer	SCNAs
C2orf16	MP3	UCEC	SCNAs	MP3	UCEC	SCNAs
C2orf16	MP3	UCEC	SCNAs	MP3	UCEC	Somatic_Nsy_mutations
C5orf24	MP5	pan-cancer	SCNAs	MP5	pan-cancer	Somatic_Nsy_mutations
C8orf46	MP6	pan-cancer	SCNAs	MP6	pan-cancer	TSS_methylation
CAD	MP3	pan-cancer	SCNAs	MP3	pan-cancer	SCNAs
CAMK4	MP1	pan-cancer	SCNAs	MP1	BRCA	SCNAs
CAMK4	MP1	pan-cancer	SCNAs	MP1	pan-cancer	SCNAs
CCDC125	MP3	pan-cancer	SCNAs	MP3	pan-cancer	SCNAs
CCDC137	MP3	pan-cancer	SCNAs	MP3	pan-cancer	SCNAs
CCDC68	MP4	COAD	SCNAs	MP4	COAD	SCNAs
CCDC69	MP1	UCEC	SCNAs	MP1	UCEC	SCNAs
CCNG1	MP3	UCEC	SCNAs	MP3	UCEC	Somatic_Nsy_mutations
CCNG1	MP3	UCEC	SCNAs	MP6	UCEC	Somatic_Nsy_mutations
CDC42EP3	MP1	pan-cancer	SCNAs	MP1	pan-cancer	SCNAs
CDK18	MP6	UCEC	SCNAs	MP6	UCEC	Somatic_Nsy_mutations
CDK18	MP6	UCEC	SCNAs	MP6	UCEC	SCNAs
CDR2L	MP2	pan-cancer	SCNAs	MP2	pan-cancer	TSS_methylation
CDR2L	MP2	pan-cancer	SCNAs	MP2	BRCA	SCNAs
CDR2L	MP2	BRCA	SCNAs	MP2	pan-cancer	TSS_methylation
CDR2L	MP2	BRCA	SCNAs	MP2	BRCA	SCNAs
CDS1	MP1	UCEC	SCNAs	MP1	UCEC	SCNAs
CEL	MP1	UCEC	SCNAs	MP3	UCEC	SCNAs
CEL	MP1	UCEC	SCNAs	MP1	UCEC	SCNAs
CEL	MP1	UCEC	SCNAs	MP4	UCEC	SCNAs
CEL	MP3	UCEC	SCNAs	MP3	UCEC	SCNAs
CEL	MP3	UCEC	SCNAs	MP1	UCEC	SCNAs
CEL	MP3	UCEC	SCNAs	MP4	UCEC	SCNAs
CENPP	MP1	UCEC	SCNAs	MP1	UCEC	SCNAs
CEP152	MP1	UCEC	SCNAs	MP1	UCEC	SCNAs
CGREF1	MP5	pan-cancer	SCNAs	MP5	pan-cancer	Somatic_Nsy_mutations
CGREF1	MP5	pan-cancer	SCNAs	MP3	pan-cancer	Somatic_Nsy_mutations
CGREF1	MP5	pan-cancer	SCNAs	MP3	pan-cancer	SCNAs
CGREF1	MP3	pan-cancer	SCNAs	MP5	pan-cancer	Somatic_Nsy_mutations
CGREF1	MP3	pan-cancer	SCNAs	MP3	pan-cancer	Somatic_Nsy_mutations
CGREF1	MP3	pan-cancer	SCNAs	MP3	pan-cancer	SCNAs
CHD1	MP5	pan-cancer	SCNAs	MP5	pan-cancer	Somatic_Nsy_mutations
CKAP2L	MP1	pan-cancer	SCNAs	MP1	pan-cancer	SCNAs
CLCN2	MP3	UCEC	SCNAs	MP3	UCEC	SCNAs
CLCN2	MP3	UCEC	SCNAs	MP3	UCEC	Somatic_Nsy_mutations
CLCN2	MP3	UCEC	SCNAs	MP1	COAD	Germline_truncation
CLCN2	MP1	COAD	SCNAs	MP3	UCEC	SCNAs
CLCN2	MP1	COAD	SCNAs	MP3	UCEC	Somatic_Nsy_mutations
CLCN2	MP1	COAD	SCNAs	MP1	COAD	Germline_truncation
CLVS1	MP2	pan-cancer	SCNAs	MP2	pan-cancer	TSS_methylation
COMMD1	MP3	UCEC	SCNAs	MP3	UCEC	SCNAs
CORO2A	MP1	UCEC	SCNAs	MP1	UCEC	SCNAs
CRISPLD2	MP3	UCEC	SCNAs	MP3	UCEC	SCNAs
CSMD1	MP1	pan-cancer	SCNAs	MP1	pan-cancer	SCNAs
CSRNP3	MP1	UCEC	SCNAs	MP3	UCEC	Somatic_Nsy_mutations
CSRNP3	MP1	UCEC	SCNAs	MP3	UCEC	SCNAs
CSTF1	MP3	pan-cancer	SCNAs	MP3	pan-cancer	SCNAs
CTNNAL1	MP3	UCEC	SCNAs	MP3	UCEC	SCNAs
CXCR4	MP1	pan-cancer	TSS_methylation	MP1	pan-cancer	TSS_methylation
CYB5D2	MP3	UCEC	SCNAs	MP3	UCEC	SCNAs
CYC1	MP1	UCEC	SCNAs	MP3	UCEC	Somatic_Nsy_mutations
CYC1	MP1	UCEC	SCNAs	MP3	UCEC	SCNAs
CYC1	MP1	UCEC	SCNAs	MP1	UCEC	SCNAs
CYC1	MP3	UCEC	SCNAs	MP3	UCEC	Somatic_Nsy_mutations
CYC1	MP3	UCEC	SCNAs	MP3	UCEC	SCNAs
CYC1	MP3	UCEC	SCNAs	MP1	UCEC	SCNAs
CYP27A1	MP4	UCEC	TSS_methylation	MP4	UCEC	Somatic_Nsy_mutations
DBF4	MP3	COAD	SCNAs	MP6	pan-cancer	Somatic_Nsy_mutations
DCAF13	MP6	UCEC	SCNAs	MP6	UCEC	Somatic_Nsy_mutations
DCAKD	MP1	UCEC	SCNAs	MP1	UCEC	SCNAs
DCPS	MP2	BRCA	TSS_methylation	MP2	BRCA	TSS_methylation
DCPS	MP2	BRCA	TSS_methylation	MP2	pan-cancer	TSS_methylation
DDX59	MP6	UCEC	SCNAs	MP6	UCEC	Somatic_Nsy_mutations
DDX59	MP6	UCEC	SCNAs	MP6	UCEC	SCNAs
DEGS1	MP6	UCEC	SCNAs	MP6	UCEC	SCNAs
DHFR	MP1	pan-cancer	SCNAs	MP1	pan-cancer	SCNAs
DIS3L	MP4	UCEC	SCNAs	MP4	UCEC	SCNAs
DIS3L	MP4	UCEC	SCNAs	MP4	UCEC	Somatic_Nsy_mutations
DNAJA4	MP1	UCEC	SCNAs	MP1	UCEC	SCNAs
DNAJC30	MP3	COAD	SCNAs	MP3	COAD	SCNAs
DOCK3	MP1	pan-cancer	SCNAs	MP1	pan-cancer	SCNAs
DPEP3	MP4	UCEC	SCNAs	MP1	UCEC	SCNAs
DPEP3	MP4	UCEC	SCNAs	MP4	UCEC	SCNAs
DPEP3	MP4	UCEC	SCNAs	MP3	UCEC	SCNAs
DPEP3	MP1	UCEC	SCNAs	MP1	UCEC	SCNAs
DPEP3	MP1	UCEC	SCNAs	MP4	UCEC	SCNAs
DPEP3	MP1	UCEC	SCNAs	MP3	UCEC	SCNAs
DPF2	MP1	pan-cancer	SCNAs	MP1	pan-cancer	SCNAs
EDNRB	MP4	UCEC	SCNAs	MP4	UCEC	SCNAs
EHD4	MP3	pan-cancer	SCNAs	MP3	pan-cancer	SCNAs
EIF4G1	MP1	UCEC	SCNAs	MP5	pan-cancer	Somatic_Nsy_mutations
EIF4G1	MP1	UCEC	SCNAs	MP1	UCEC	SCNAs
ELOVL4	MP1	UCEC	TSS_methylation	MP1	UCEC	TSS_methylation
EMILIN3	MP4	COAD	SCNAs	MP4	COAD	SCNAs
EPHX1	MP1	OV	SCNAs	MP6	pan-cancer	TSS_methylation
EPRS	MP5	UCEC	SCNAs	MP5	UCEC	Somatic_Nsy_mutations
ERAP2	MP1	UCEC	SCNAs	MP1	UCEC	SCNAs
ESRRA	MP1	pan-cancer	SCNAs	MP1	pan-cancer	SCNAs
EXD3	MP3	UCEC	SCNAs	MP3	UCEC	SCNAs
EXD3	MP1	UCEC	SCNAs	MP3	UCEC	SCNAs
EYA1	MP6	pan-cancer	SCNAs	MP6	BRCA	SCNAs
FABP6	MP6	pan-cancer	SCNAs	MP2	pan-cancer	TSS_methylation
FADS2	MP2	pan-cancer	TSS_methylation	MP2	pan-cancer	TSS_methylation
FAM153A	MP1	pan-cancer	SCNAs	MP1	pan-cancer	SCNAs
FAM160A1	MP3	UCEC	SCNAs	MP3	UCEC	SCNAs
FAM160A1	MP3	UCEC	SCNAs	MP3	UCEC	Somatic_Nsy_mutations
FAM161A	MP3	UCEC	SCNAs	MP3	UCEC	Somatic_Nsy_mutations
FAM161A	MP3	UCEC	SCNAs	MP3	UCEC	SCNAs
FAM169A	MP6	pan-cancer	SCNAs	MP5	UCEC	Somatic_Nsy_mutations
FAM169A	MP6	pan-cancer	SCNAs	MP6	pan-cancer	SCNAs
FAM172A	MP4	pan-cancer	SCNAs	MP4	pan-cancer	SCNAs
FAM178B	MP1	pan-cancer	SCNAs	MP1	pan-cancer	SCNAs
FAM98A	MP1	UCEC	SCNAs	MP1	UCEC	SCNAs
FANCC	MP4	UCEC	SCNAs	MP4	UCEC	SCNAs
FANCC	MP4	UCEC	SCNAs	MP4	UCEC	Somatic_Nsy_mutations
FBXO38	MP1	UCEC	SCNAs	MP1	UCEC	SCNAs
FGF12	MP1	pan-cancer	SCNAs	MP1	pan-cancer	SCNAs
FNIP1	MP1	UCEC	SCNAs	MP1	UCEC	SCNAs
FNIP1	MP1	UCEC	SCNAs	MP1	UCEC	TSS_methylation
FOXK2	MP3	pan-cancer	SCNAs	MP3	pan-cancer	Somatic_Nsy_mutations
FRMD3	MP4	UCEC	SCNAs	MP4	UCEC	SCNAs
FRMD3	MP4	UCEC	SCNAs	MP1	UCEC	SCNAs
FRMD3	MP1	UCEC	SCNAs	MP4	UCEC	SCNAs
FRMD3	MP1	UCEC	SCNAs	MP1	UCEC	SCNAs
GALNT3	MP1	pan-cancer	SCNAs	MP1	pan-cancer	SCNAs
GALNT5	MP1	pan-cancer	SCNAs	MP1	pan-cancer	SCNAs
GAN	MP4	UCEC	SCNAs	MP4	UCEC	SCNAs
GAN	MP4	UCEC	SCNAs	MP4	UCEC	Somatic_Nsy_mutations
GEMIN4	MP3	UCEC	SCNAs	MP3	UCEC	SCNAs
GEMIN5	MP3	pan-cancer	SCNAs	MP3	pan-cancer	SCNAs
GEMIN5	MP3	pan-cancer	SCNAs	MP5	UCEC	Somatic_Nsy_mutations
GGT1	MP2	BRCA	TSS_methylation	MP2	pan-cancer	TSS_methylation
GMIP	MP3	UCEC	SCNAs	MP3	UCEC	Somatic_Nsy_mutations
GSDMC	MP6	pan-cancer	SCNAs	MP3	pan-cancer	SCNAs
GSDMC	MP3	pan-cancer	SCNAs	MP3	pan-cancer	SCNAs
GTF2F1	MP3	UCEC	SCNAs	MP4	UCEC	SCNAs
GTF2F1	MP3	UCEC	SCNAs	MP3	UCEC	SCNAs
GTF2F1	MP3	UCEC	SCNAs	MP3	UCEC	Somatic_Nsy_mutations
GTF2F1	MP4	UCEC	SCNAs	MP4	UCEC	SCNAs
GTF2F1	MP4	UCEC	SCNAs	MP3	UCEC	SCNAs
GTF2F1	MP4	UCEC	SCNAs	MP3	UCEC	Somatic_Nsy_mutations
HAUS2	MP2	pan-cancer	SCNAs	MP2	pan-cancer	TSS_methylation
HBEGF	MP1	pan-cancer	SCNAs	MP1	pan-cancer	SCNAs
HCFC1R1	MP1	pan-cancer	SCNAs	MP1	pan-cancer	SCNAs
HCN3	MP4	UCEC	SCNAs	MP4	UCEC	SCNAs
HEMK1	MP1	pan-cancer	SCNAs	MP1	pan-cancer	SCNAs
HERC1	MP3	UCEC	SCNAs	MP3	UCEC	SCNAs
HERC1	MP3	UCEC	SCNAs	MP3	UCEC	Somatic_Nsy_mutations
HERC2	MP4	COAD	Somatic_Nsy_mutations	MP4	COAD	Somatic_Nsy_mutations
HHAT	MP6	UCEC	SCNAs	MP6	UCEC	SCNAs
HNF4A	MP3	COAD	SCNAs	MP3	COAD	SCNAs
HNRNPA0	MP6	pan-cancer	SCNAs	MP6	pan-cancer	SCNAs
HRNR	MP6	UCEC	SCNAs	MP6	UCEC	Somatic_Nsy_mutations
HRNR	MP6	UCEC	SCNAs	MP6	UCEC	SCNAs
HRNR	MP6	UCEC	SCNAs	MP5	UCEC	Somatic_Nsy_mutations
HRNR	MP6	UCEC	SCNAs	MP5	UCEC	SCNAs
HRNR	MP6	UCEC	SCNAs	MP2	pan-cancer	TSS_methylation
HS3ST3B1	MP1	UCEC	SCNAs	MP1	UCEC	SCNAs
HSF4	MP1	UCEC	SCNAs	MP1	UCEC	SCNAs
HSPA4L	MP1	UCEC	SCNAs	MP1	UCEC	SCNAs
HTRA2	MP4	UCEC	SCNAs	MP4	UCEC	SCNAs
HTRA2	MP4	UCEC	SCNAs	MP4	UCEC	Somatic_Nsy_mutations
HUS1B	MP2	pan-cancer	SCNAs	MP2	pan-cancer	TSS_methylation
IFI35	MP2	pan-cancer	SCNAs	MP2	pan-cancer	TSS_methylation
INPP5F	MP3	COAD	SCNAs	MP3	COAD	Somatic_Nsy_mutations
IPO11	MP4	UCEC	SCNAs	MP4	UCEC	SCNAs
ISOC1	MP6	pan-cancer	SCNAs	MP5	pan-cancer	Somatic_Nsy_mutations
ISOC1	MP6	pan-cancer	SCNAs	MP6	pan-cancer	TSS_methylation
ISOC1	MP6	pan-cancer	SCNAs	MP6	pan-cancer	SCNAs
ITGA2	MP1	pan-cancer	SCNAs	MP1	pan-cancer	SCNAs
JMJD4	MP6	UCEC	SCNAs	MP6	UCEC	SCNAs
KCNK7	MP1	pan-cancer	SCNAs	MP1	pan-cancer	SCNAs
KDM5B	MP6	UCEC	SCNAs	MP6	UCEC	SCNAs
KDM5B	MP6	UCEC	SCNAs	MP6	UCEC	Somatic_Nsy_mutations
KIAA0753	MP2	pan-cancer	SCNAs	MP4	pan-cancer	Somatic_Nsy_mutations
KIAA1755	MP1	pan-cancer	TSS_methylation	MP1	pan-cancer	TSS_methylation
KIF4B	MP3	pan-cancer	SCNAs	MP3	pan-cancer	SCNAs
KLF9	MP4	UCEC	SCNAs	MP4	UCEC	SCNAs
KLKB1	MP1	UCEC	SCNAs	MP1	UCEC	SCNAs
L3MBTL4	MP2	pan-cancer	SCNAs	MP2	pan-cancer	TSS_methylation
LECT2	MP1	pan-cancer	SCNAs	MP1	BRCA	SCNAs
LECT2	MP1	pan-cancer	SCNAs	MP1	pan-cancer	SCNAs
LHFPL2	MP6	pan-cancer	SCNAs	MP6	pan-cancer	SCNAs
LHFPL2	MP6	pan-cancer	SCNAs	MP6	pan-cancer	TSS_methylation
LMLN	MP1	UCEC	SCNAs	MP1	UCEC	SCNAs
LNPEP	MP3	pan-cancer	SCNAs	MP3	pan-cancer	SCNAs
LONP1	MP1	UCEC	SCNAs	MP1	UCEC	SCNAs
LPP	MP1	UCEC	SCNAs	MP1	UCEC	SCNAs
LRBA	MP4	UCEC	SCNAs	MP4	UCEC	Somatic_Nsy_mutations
LRBA	MP4	UCEC	SCNAs	MP4	UCEC	SCNAs
LRRC14B	MP3	UCEC	SCNAs	MP3	UCEC	SCNAs
MAGEL2	MP6	UCEC	SCNAs	MP6	UCEC	Somatic_Nsy_mutations
MAGEL2	MP6	UCEC	SCNAs	MP4	pan-cancer	Somatic_Nsy_mutations
MAGEL2	MP6	UCEC	SCNAs	MP6	UCEC	SCNAs
MAML3	MP1	UCEC	SCNAs	MP3	UCEC	Somatic_Nsy_mutations
MAML3	MP1	UCEC	SCNAs	MP3	UCEC	SCNAs
MAML3	MP1	UCEC	SCNAs	MP1	UCEC	SCNAs
MAML3	MP3	UCEC	SCNAs	MP3	UCEC	Somatic_Nsy_mutations
MAML3	MP3	UCEC	SCNAs	MP3	UCEC	SCNAs
MAML3	MP3	UCEC	SCNAs	MP1	UCEC	SCNAs
MAN2A2	MP1	pan-cancer	SCNAs	MP2	pan-cancer	TSS_methylation
MAP3K13	MP3	UCEC	SCNAs	MP3	UCEC	SCNAs
MAPK6	MP3	UCEC	SCNAs	MP5	UCEC	Somatic_Nsy_mutations
MAPK6	MP3	UCEC	SCNAs	MP3	UCEC	Somatic_Nsy_mutations
MAPK6	MP3	UCEC	SCNAs	MP3	UCEC	SCNAs
MAPK6	MP5	UCEC	SCNAs	MP5	UCEC	Somatic_Nsy_mutations
MAPK6	MP5	UCEC	SCNAs	MP3	UCEC	Somatic_Nsy_mutations
MAPK6	MP5	UCEC	SCNAs	MP3	UCEC	SCNAs
MARVELD2	MP3	UCEC	SCNAs	MP3	UCEC	SCNAs
MARVELD2	MP3	UCEC	SCNAs	MP3	UCEC	Somatic_Nsy_mutations
MAST4	MP6	pan-cancer	SCNAs	MP6	pan-cancer	SCNAs
MAST4	MP6	pan-cancer	SCNAs	MP6	pan-cancer	TSS_methylation
MAST4	MP6	pan-cancer	SCNAs	MP3	pan-cancer	SCNAs
MAST4	MP3	pan-cancer	SCNAs	MP6	pan-cancer	SCNAs
MAST4	MP3	pan-cancer	SCNAs	MP6	pan-cancer	TSS_methylation
MAST4	MP3	pan-cancer	SCNAs	MP3	pan-cancer	SCNAs
MBIP	MP3	COAD	TSS_methylation	MP3	COAD	TSS_methylation
MCF2L2	MP1	UCEC	SCNAs	MP1	UCEC	SCNAs
MCF2L2	MP1	UCEC	SCNAs	MP1	UCEC	TSS_methylation
MDGA1	MP3	UCEC	SCNAs	MP3	UCEC	SCNAs
MDGA1	MP3	UCEC	SCNAs	MP3	UCEC	Somatic_Nsy_mutations
MED1	MP2	pan-cancer	Fusion	MP2	pan-cancer	TSS_methylation
MFSD6	MP1	pan-cancer	SCNAs	MP1	pan-cancer	SCNAs
MIF4GD	MP6	pan-cancer	SCNAs	MP6	pan-cancer	TSS_methylation
MINPP1	MP6	pan-cancer	SCNAs	MP6	pan-cancer	TSS_methylation
MKNK1	MP1	UCEC	SCNAs	MP1	UCEC	SCNAs
MLLT6	MP1	UCEC	SCNAs	MP1	UCEC	SCNAs
MLLT6	MP1	UCEC	SCNAs	MP3	UCEC	SCNAs
MLLT6	MP3	UCEC	SCNAs	MP1	UCEC	SCNAs
MLLT6	MP3	UCEC	SCNAs	MP3	UCEC	SCNAs
MOCOS	MP3	COAD	SCNAs	MP3	COAD	SCNAs
MOCS3	MP3	UCEC	SCNAs	MP3	UCEC	SCNAs
MPHOSPH8	MP3	UCEC	SCNAs	MP3	UCEC	Somatic_Nsy_mutations
MPHOSPH8	MP3	UCEC	SCNAs	MP6	UCEC	Somatic_Nsy_mutations
MPRIP	MP4	COAD	SCNAs	MP3	UCEC	Somatic_Nsy_mutations
MPRIP	MP4	COAD	SCNAs	MP3	UCEC	SCNAs
MPRIP	MP4	COAD	SCNAs	MP4	COAD	SCNAs
MPRIP	MP3	UCEC	SCNAs	MP3	UCEC	Somatic_Nsy_mutations
MPRIP	MP3	UCEC	SCNAs	MP3	UCEC	SCNAs
MPRIP	MP3	UCEC	SCNAs	MP4	COAD	SCNAs
MPRIP	MP1	COAD	SCNAs	MP3	UCEC	Somatic_Nsy_mutations
MPRIP	MP1	COAD	SCNAs	MP3	UCEC	SCNAs
MPRIP	MP1	COAD	SCNAs	MP4	COAD	SCNAs
MRPS2	MP1	UCEC	SCNAs	MP1	UCEC	SCNAs
MRPS5	MP1	pan-cancer	SCNAs	MP1	pan-cancer	SCNAs
MSH2	MP4	UCEC	SCNAs	MP4	UCEC	SCNAs
MSH6	MP1	UCEC	SCNAs	MP1	UCEC	SCNAs
MSH6	MP1	UCEC	Germline_truncation	MP1	UCEC	SCNAs
MTHFD2	MP4	UCEC	SCNAs	MP4	UCEC	SCNAs
MTIF2	MP6	pan-cancer	SCNAs	MP6	pan-cancer	TSS_methylation
MTRF1	MP4	COAD	SCNAs	MP4	COAD	SCNAs
MUC2	MP1	COAD	Somatic_Nsy_mutations	MP1	COAD	Somatic_Nsy_mutations
MUC2	MP3	COAD	TSS_methylation	MP1	COAD	Somatic_Nsy_mutations
NAGLU	MP1	UCEC	SCNAs	MP1	UCEC	SCNAs
NASP	MP1	UCEC	SCNAs	MP1	UCEC	SCNAs
NASP	MP1	UCEC	SCNAs	MP3	UCEC	Somatic_Nsy_mutations
NBN	MP6	pan-cancer	SCNAs	MP5	pan-cancer	Somatic_Nsy_mutations
NCEH1	MP3	pan-cancer	SCNAs	MP3	pan-cancer	SCNAs
NCOA3	MP6	UCEC	SCNAs	MP6	UCEC	SCNAs
NCOA3	MP6	UCEC	SCNAs	MP6	UCEC	Somatic_Nsy_mutations
NEK4	MP1	pan-cancer	SCNAs	MP1	pan-cancer	SCNAs
NEURL4	MP3	COAD	SCNAs	MP3	COAD	Somatic_Nsy_mutations
NF1	MP3	UCEC	SCNAs	MP3	UCEC	Somatic_Nsy_mutations
NF1	MP3	UCEC	SCNAs	MP3	UCEC	SCNAs
NFIC	MP1	UCEC	SCNAs	MP1	UCEC	SCNAs
NOMO1	MP1	pan-cancer	SCNAs	MP1	pan-cancer	SCNAs
NOP10	MP5	UCEC	SCNAs	MP6	UCEC	SCNAs
NOP10	MP6	UCEC	SCNAs	MP6	UCEC	SCNAs
NOP10	MP2	pan-cancer	SCNAs	MP6	UCEC	SCNAs
NPC1	MP2	pan-cancer	SCNAs	MP2	pan-cancer	TSS_methylation
NPEPPS	MP2	pan-cancer	SCNAs	MP2	pan-cancer	TSS_methylation
NR2C1	MP1	COAD	SCNAs	MP2	pan-cancer	TSS_methylation
NRBP2	MP2	pan-cancer	SCNAs	MP2	pan-cancer	TSS_methylation
NSUN2	MP1	UCEC	SCNAs	MP1	UCEC	Somatic_Nsy_mutations
NSUN2	MP1	UCEC	SCNAs	MP5	UCEC	Somatic_Nsy_mutations
ODC1	MP3	UCEC	SCNAs	MP3	UCEC	SCNAs
OTUD7B	MP6	UCEC	SCNAs	MP6	UCEC	SCNAs
OTUD7B	MP6	UCEC	SCNAs	MP6	UCEC	Somatic_Nsy_mutations
OXCT1	MP3	UCEC	SCNAs	MP3	UCEC	Somatic_Nsy_mutations
PBX1	MP3	pan-cancer	SCNAs	MP3	pan-cancer	Somatic_Nsy_mutations
PCDHA5	MP1	pan-cancer	SCNAs	MP1	pan-cancer	SCNAs
PCDHGA11	MP1	pan-cancer	SCNAs	MP1	pan-cancer	SCNAs
PCDHGA5	MP6	BRCA	SCNAs	MP6	BRCA	SCNAs
PCDHGA5	MP6	BRCA	SCNAs	MP6	pan-cancer	Somatic_Nsy_mutations
PCDHGA5	MP6	pan-cancer	SCNAs	MP6	BRCA	SCNAs
PCDHGA5	MP6	pan-cancer	SCNAs	MP6	pan-cancer	Somatic_Nsy_mutations
PDE4D	MP6	pan-cancer	SCNAs	MP6	pan-cancer	SCNAs
PDE4D	MP6	pan-cancer	SCNAs	MP2	pan-cancer	TSS_methylation
PDE4DIP	MP6	UCEC	SCNAs	MP6	UCEC	Somatic_Nsy_mutations
PDE4DIP	MP6	UCEC	SCNAs	MP6	UCEC	SCNAs
PDGFC	MP6	UCEC	SCNAs	MP6	UCEC	SCNAs
PDK1	MP1	pan-cancer	SCNAs	MP1	pan-cancer	SCNAs
PER1	MP4	COAD	SCNAs	MP4	COAD	SCNAs
PER1	MP4	COAD	SCNAs	MP6	UCEC	Somatic_Nsy_mutations
PGAP1	MP1	UCEC	SCNAs	MP1	UCEC	SCNAs
PGPEP1	MP1	UCEC	SCNAs	MP1	UCEC	SCNAs
PHF10	MP3	UCEC	SCNAs	MP3	UCEC	SCNAs
PHF10	MP3	UCEC	SCNAs	MP3	UCEC	TSS_methylation
PIK3R1	MP6	pan-cancer	SCNAs	MP6	pan-cancer	SCNAs
PLA2G4F	MP5	pan-cancer	SCNAs	MP5	pan-cancer	Somatic_Nsy_mutations
PLRG1	MP1	UCEC	SCNAs	MP4	UCEC	SCNAs
PLRG1	MP1	UCEC	SCNAs	MP1	UCEC	SCNAs
PLRG1	MP4	UCEC	SCNAs	MP4	UCEC	SCNAs
PLRG1	MP4	UCEC	SCNAs	MP1	UCEC	SCNAs
POC5	MP5	pan-cancer	SCNAs	MP6	pan-cancer	SCNAs
POC5	MP5	pan-cancer	SCNAs	MP5	pan-cancer	Somatic_Nsy_mutations
POC5	MP6	pan-cancer	SCNAs	MP6	pan-cancer	SCNAs
POC5	MP6	pan-cancer	SCNAs	MP5	pan-cancer	Somatic_Nsy_mutations
PODN	MP1	UCEC	TSS_methylation	MP1	UCEC	TSS_methylation
POLK	MP4	UCEC	SCNAs	MP4	UCEC	SCNAs
POLR1A	MP5	UCEC	SCNAs	MP5	UCEC	Somatic_Nsy_mutations
POLR1B	MP1	pan-cancer	SCNAs	MP1	BRCA	SCNAs
POLR1B	MP1	pan-cancer	SCNAs	MP1	pan-cancer	SCNAs
POLR1B	MP1	BRCA	SCNAs	MP1	BRCA	SCNAs
POLR1B	MP1	BRCA	SCNAs	MP1	pan-cancer	SCNAs
POLR3C	MP5	UCEC	SCNAs	MP5	UCEC	SCNAs
POP1	MP3	pan-cancer	SCNAs	MP3	pan-cancer	SCNAs
PPFIBP1	MP1	COAD	SCNAs	MP4	UCEC	Somatic_Nsy_mutations
PPIP5K2	MP1	pan-cancer	SCNAs	MP1	pan-cancer	SCNAs
PREPL	MP1	pan-cancer	SCNAs	MP2	pan-cancer	TSS_methylation
PREPL	MP1	pan-cancer	SCNAs	MP1	pan-cancer	SCNAs
PRKCA	MP6	pan-cancer	SCNAs	MP6	pan-cancer	TSS_methylation
PRNP	MP1	UCEC	SCNAs	MP3	UCEC	Somatic_Nsy_mutations
PRNP	MP1	UCEC	SCNAs	MP3	UCEC	SCNAs
PRNP	MP3	UCEC	SCNAs	MP3	UCEC	Somatic_Nsy_mutations
PRNP	MP3	UCEC	SCNAs	MP3	UCEC	SCNAs
PROCR	MP1	COAD	SCNAs	MP3	UCEC	SCNAs
PSMC5	MP2	pan-cancer	SCNAs	MP2	pan-cancer	TSS_methylation
PTCRA	MP1	pan-cancer	SCNAs	MP1	pan-cancer	SCNAs
PXDN	MP1	BRCA	SCNAs	MP1	pan-cancer	SCNAs
PXDN	MP1	BRCA	SCNAs	MP1	BRCA	SCNAs
PXDN	MP1	BRCA	SCNAs	MP5	UCEC	Somatic_Nsy_mutations
PXDN	MP1	pan-cancer	SCNAs	MP1	pan-cancer	SCNAs
PXDN	MP1	pan-cancer	SCNAs	MP1	BRCA	SCNAs
PXDN	MP1	pan-cancer	SCNAs	MP5	UCEC	Somatic_Nsy_mutations
RAD54L	MP4	UCEC	SCNAs	MP4	UCEC	SCNAs
RANBP2	MP1	pan-cancer	SCNAs	MP1	pan-cancer	SCNAs
RBM25	MP1	pan-cancer	SCNAs	MP1	pan-cancer	SCNAs
RDH14	MP1	UCEC	SCNAs	MP1	UCEC	SCNAs
RDH5	MP2	pan-cancer	SCNAs	MP2	pan-cancer	TSS_methylation
RHOBTB2	MP1	pan-cancer	SCNAs	MP1	pan-cancer	SCNAs
RNF125	MP2	pan-cancer	SCNAs	MP2	pan-cancer	TSS_methylation
RNF135	MP4	UCEC	SCNAs	MP4	UCEC	SCNAs
RNF157	MP3	BRCA	SCNAs	MP3	pan-cancer	SCNAs
RNF157	MP3	BRCA	SCNAs	MP3	BRCA	Germline_missense
RNF157	MP3	BRCA	SCNAs	MP3	BRCA	SCNAs
RNF157	MP3	pan-cancer	SCNAs	MP3	pan-cancer	SCNAs
RNF157	MP3	pan-cancer	SCNAs	MP3	BRCA	Germline_missense
RNF157	MP3	pan-cancer	SCNAs	MP3	BRCA	SCNAs
RNF165	MP4	COAD	SCNAs	MP4	COAD	SCNAs
RNF220	MP5	pan-cancer	SCNAs	MP5	pan-cancer	Somatic_Nsy_mutations
ROCK1	MP2	pan-cancer	SCNAs	MP3	pan-cancer	Fusion
RP1	MP2	pan-cancer	SCNAs	MP2	pan-cancer	TSS_methylation
RPAP1	MP6	UCEC	SCNAs	MP6	UCEC	SCNAs
RPL17	MP2	pan-cancer	SCNAs	MP2	pan-cancer	TSS_methylation
RRP7A	MP4	UCEC	SCNAs	MP4	UCEC	SCNAs
SALL1	MP3	UCEC	SCNAs	MP3	UCEC	Somatic_Nsy_mutations
SALL1	MP3	UCEC	SCNAs	MP3	UCEC	SCNAs
SAMM50	MP4	UCEC	SCNAs	MP4	UCEC	SCNAs
SAMM50	MP4	UCEC	SCNAs	MP4	UCEC	Somatic_Nsy_mutations
SCRIB	MP3	UCEC	SCNAs	MP3	UCEC	SCNAs
SCRIB	MP3	UCEC	SCNAs	MP3	UCEC	Somatic_Nsy_mutations
SEC24D	MP6	UCEC	SCNAs	MP6	UCEC	Somatic_Nsy_mutations
SEC24D	MP6	UCEC	SCNAs	MP6	UCEC	SCNAs
SEPT10	MP1	pan-cancer	SCNAs	MP1	pan-cancer	SCNAs
SERPINB4	MP1	COAD	SCNAs	MP4	COAD	SCNAs
SERPINB4	MP1	COAD	SCNAs	MP1	COAD	Germline_structural_varinat
SERPINB4	MP1	COAD	SCNAs	MP3	COAD	SCNAs
SERPINB4	MP1	COAD	SCNAs	MP1	COAD	SCNAs
SERPINB4	MP3	COAD	SCNAs	MP4	COAD	SCNAs
SERPINB4	MP3	COAD	SCNAs	MP1	COAD	Germline_structural_varinat
SERPINB4	MP3	COAD	SCNAs	MP3	COAD	SCNAs
SERPINB4	MP3	COAD	SCNAs	MP1	COAD	SCNAs
SETD1A	MP4	COAD	Somatic_Nsy_mutations	MP4	COAD	Somatic_Nsy_mutations
SGTB	MP4	pan-cancer	SCNAs	MP4	pan-cancer	SCNAs
SH3GL1	MP4	UCEC	SCNAs	MP4	UCEC	SCNAs
SLAIN1	MP3	UCEC	SCNAs	MP3	UCEC	SCNAs
SLAIN1	MP3	UCEC	SCNAs	MP4	UCEC	Somatic_Nsy_mutations
SLAIN1	MP3	UCEC	SCNAs	MP6	UCEC	Somatic_Nsy_mutations
SLAIN1	MP3	UCEC	SCNAs	MP3	UCEC	Somatic_Nsy_mutations
SLAIN1	MP3	UCEC	SCNAs	MP4	UCEC	SCNAs
SLAIN1	MP4	UCEC	SCNAs	MP3	UCEC	SCNAs
SLAIN1	MP4	UCEC	SCNAs	MP4	UCEC	Somatic_Nsy_mutations
SLAIN1	MP4	UCEC	SCNAs	MP6	UCEC	Somatic_Nsy_mutations
SLAIN1	MP4	UCEC	SCNAs	MP3	UCEC	Somatic_Nsy_mutations
SLAIN1	MP4	UCEC	SCNAs	MP4	UCEC	SCNAs
SLC10A1	MP1	pan-cancer	SCNAs	MP1	pan-cancer	SCNAs
SLC12A2	MP5	pan-cancer	SCNAs	MP5	pan-cancer	Somatic_Nsy_mutations
SLC19A2	MP6	UCEC	SCNAs	MP6	UCEC	SCNAs
SLC22A4	MP1	pan-cancer	SCNAs	MP1	pan-cancer	SCNAs
SLC26A11	MP6	pan-cancer	SCNAs	MP6	pan-cancer	Somatic_Nsy_mutations
SLC39A14	MP1	pan-cancer	SCNAs	MP1	pan-cancer	SCNAs
SLC7A11	MP1	UCEC	SCNAs	MP1	UCEC	SCNAs
SLC7A4	MP3	COAD	SCNAs	MP6	pan-cancer	Somatic_Nsy_mutations
SLC8A3	MP1	pan-cancer	SCNAs	MP1	pan-cancer	SCNAs
SLFN5	MP2	pan-cancer	SCNAs	MP2	BRCA	SCNAs
SLFNL1	MP5	pan-cancer	SCNAs	MP2	pan-cancer	TSS_methylation
SLURP1	MP2	pan-cancer	SCNAs	MP2	pan-cancer	TSS_methylation
SMC2	MP5	UCEC	SCNAs	MP5	UCEC	Somatic_Nsy_mutations
SMC2	MP5	UCEC	SCNAs	MP6	UCEC	Somatic_Nsy_mutations
SMC2	MP5	UCEC	SCNAs	MP6	UCEC	SCNAs
SMC2	MP6	UCEC	SCNAs	MP5	UCEC	Somatic_Nsy_mutations
SMC2	MP6	UCEC	SCNAs	MP6	UCEC	Somatic_Nsy_mutations
SMC2	MP6	UCEC	SCNAs	MP6	UCEC	SCNAs
SMC4	MP1	UCEC	SCNAs	MP1	UCEC	SCNAs
SNCAIP	MP2	UCEC	SCNAs	MP2	UCEC	SCNAs
SNTA1	MP1	UCEC	SCNAs	MP1	UCEC	SCNAs
SNUPN	MP4	UCEC	SCNAs	MP4	UCEC	Somatic_Nsy_mutations
SNUPN	MP4	UCEC	SCNAs	MP4	UCEC	SCNAs
SNX24	MP6	pan-cancer	SCNAs	MP6	pan-cancer	SCNAs
SNX24	MP6	pan-cancer	SCNAs	MP6	pan-cancer	Somatic_Nsy_mutations
SORD	MP2	UCEC	SCNAs	MP2	UCEC	SCNAs
SPARC	MP3	pan-cancer	SCNAs	MP3	pan-cancer	SCNAs
SPATA5L1	MP2	UCEC	SCNAs	MP2	UCEC	SCNAs
SPINT1	MP2	pan-cancer	SCNAs	MP2	pan-cancer	TSS_methylation
SPPL2A	MP6	UCEC	SCNAs	MP6	UCEC	SCNAs
SPTAN1	MP3	UCEC	SCNAs	MP3	UCEC	Somatic_Nsy_mutations
SPTAN1	MP3	UCEC	SCNAs	MP3	UCEC	SCNAs
STK4	MP3	COAD	SCNAs	MP3	COAD	SCNAs
SYCE1L	MP3	UCEC	SCNAs	MP3	UCEC	SCNAs
TANC2	MP2	pan-cancer	SCNAs	MP2	pan-cancer	TSS_methylation
TBC1D3G	MP3	UCEC	SCNAs	MP3	UCEC	SCNAs
TBC1D3H	MP3	UCEC	SCNAs	MP3	UCEC	SCNAs
TBX6	MP6	pan-cancer	SCNAs	MP5	pan-cancer	Somatic_Nsy_mutations
TCF12	MP5	UCEC	SCNAs	MP5	UCEC	Somatic_Nsy_mutations
TDG	MP4	COAD	SCNAs	MP5	pan-cancer	Somatic_Nsy_mutations
TDG	MP4	COAD	SCNAs	MP1	UCEC	SCNAs
TDG	MP4	COAD	SCNAs	MP4	COAD	Germline_truncation
TDG	MP1	UCEC	SCNAs	MP5	pan-cancer	Somatic_Nsy_mutations
TDG	MP1	UCEC	SCNAs	MP1	UCEC	SCNAs
TDG	MP1	UCEC	SCNAs	MP4	COAD	Germline_truncation
TDRD5	MP5	UCEC	SCNAs	MP6	pan-cancer	TSS_methylation
TDRD5	MP5	UCEC	SCNAs	MP5	UCEC	Somatic_Nsy_mutations
TDRD5	MP5	UCEC	SCNAs	MP4	UCEC	Somatic_Nsy_mutations
TELO2	MP1	pan-cancer	SCNAs	MP1	pan-cancer	SCNAs
TGIF1	MP3	COAD	SCNAs	MP3	COAD	SCNAs
THEM4	MP4	UCEC	SCNAs	MP4	UCEC	SCNAs
TLX3	MP1	pan-cancer	SCNAs	MP1	pan-cancer	SCNAs
TMEM125	MP5	pan-cancer	SCNAs	MP5	pan-cancer	Somatic_Nsy_mutations
TMEM177	MP1	pan-cancer	SCNAs	MP1	pan-cancer	SCNAs
TMEM79	MP6	UCEC	SCNAs	MP6	UCEC	SCNAs
TNK2	MP1	pan-cancer	SCNAs	MP1	pan-cancer	SCNAs
TNN	MP5	UCEC	SCNAs	MP5	UCEC	Somatic_Nsy_mutations
TNN	MP5	UCEC	SCNAs	MP5	UCEC	SCNAs
TNRC6B	MP3	UCEC	SCNAs	MP3	UCEC	Somatic_Nsy_mutations
TNRC6B	MP3	UCEC	SCNAs	MP3	UCEC	SCNAs
TOM1	MP3	UCEC	SCNAs	MP3	UCEC	SCNAs
TOM1	MP3	UCEC	SCNAs	MP3	UCEC	Somatic_Nsy_mutations
TOM1	MP1	UCEC	SCNAs	MP3	UCEC	SCNAs
TOM1	MP1	UCEC	SCNAs	MP3	UCEC	Somatic_Nsy_mutations
TOP1MT	MP2	pan-cancer	SCNAs	MP2	pan-cancer	TSS_methylation
TRAK1	MP1	pan-cancer	SCNAs	MP1	pan-cancer	SCNAs
TRAK1	MP1	pan-cancer	SCNAs	MP5	UCEC	Somatic_Nsy_mutations
TRAK1	MP1	pan-cancer	SCNAs	MP6	UCEC	Somatic_Nsy_mutations
TRIO	MP4	UCEC	SCNAs	MP4	UCEC	Somatic_Nsy_mutations
TRIT1	MP1	UCEC	SCNAs	MP1	UCEC	SCNAs
TROAP	MP2	pan-cancer	SCNAs	MP2	pan-cancer	TSS_methylation
TSNAXIP1	MP1	UCEC	SCNAs	MP1	UCEC	SCNAs
TTC14	MP3	UCEC	SCNAs	MP3	UCEC	SCNAs
TTC14	MP3	UCEC	SCNAs	MP3	UCEC	Somatic_Nsy_mutations
TTC27	MP5	pan-cancer	SCNAs	MP5	pan-cancer	Somatic_Nsy_mutations
TTC31	MP3	UCEC	SCNAs	MP3	UCEC	Somatic_Nsy_mutations
TTC31	MP3	UCEC	SCNAs	MP3	UCEC	SCNAs
TTLL12	MP4	UCEC	SCNAs	MP4	UCEC	SCNAs
TUFT1	MP4	UCEC	SCNAs	MP2	pan-cancer	TSS_methylation
TUFT1	MP4	UCEC	SCNAs	MP4	UCEC	SCNAs
TXNDC17	MP4	UCEC	SCNAs	MP4	UCEC	SCNAs
TYRO3	MP2	pan-cancer	SCNAs	MP2	pan-cancer	TSS_methylation
UBE2D3	MP3	UCEC	SCNAs	MP3	UCEC	SCNAs
UBXN6	MP3	UCEC	SCNAs	MP3	UCEC	Somatic_Nsy_mutations
UBXN6	MP3	UCEC	SCNAs	MP3	UCEC	SCNAs
UCKL1	MP1	UCEC	SCNAs	MP1	UCEC	SCNAs
UGGT2	MP3	UCEC	SCNAs	MP3	UCEC	Somatic_Nsy_mutations
UNK	MP3	BRCA	SCNAs	MP3	BRCA	SCNAs
UNK	MP3	BRCA	SCNAs	MP3	pan-cancer	SCNAs
UNK	MP3	pan-cancer	SCNAs	MP3	BRCA	SCNAs
UNK	MP3	pan-cancer	SCNAs	MP3	pan-cancer	SCNAs
VPS35	MP1	UCEC	SCNAs	MP1	UCEC	SCNAs
VPS45	MP5	UCEC	SCNAs	MP5	UCEC	SCNAs
VPS45	MP5	UCEC	SCNAs	MP5	UCEC	Somatic_Nsy_mutations
VSIG10	MP1	UCEC	SCNAs	MP1	UCEC	SCNAs
WDR19	MP1	pan-cancer	SCNAs	MP1	pan-cancer	SCNAs
WDR75	MP3	UCEC	SCNAs	MP3	UCEC	SCNAs
WDR75	MP3	UCEC	SCNAs	MP1	UCEC	SCNAs
WDR75	MP1	UCEC	SCNAs	MP3	UCEC	SCNAs
WDR75	MP1	UCEC	SCNAs	MP1	UCEC	SCNAs
WFIKKN1	MP1	pan-cancer	SCNAs	MP1	pan-cancer	SCNAs
WIPF2	MP3	UCEC	SCNAs	MP3	UCEC	Somatic_Nsy_mutations
WIPF2	MP3	UCEC	SCNAs	MP3	UCEC	SCNAs
WNK2	MP1	UCEC	SCNAs	MP1	UCEC	SCNAs
WNK2	MP1	UCEC	TSS_methylation	MP1	UCEC	SCNAs
XPO1	MP1	UCEC	SCNAs	MP1	UCEC	SCNAs
XPO1	MP1	UCEC	SCNAs	MP6	UCEC	Somatic_Nsy_mutations
YTHDC1	MP1	UCEC	SCNAs	MP1	UCEC	SCNAs
ZC3H18	MP6	UCEC	SCNAs	MP3	STAD	Somatic_Nsy_mutations
ZC3H18	MP6	UCEC	SCNAs	MP6	UCEC	Somatic_Nsy_mutations
ZC3H18	MP6	UCEC	SCNAs	MP6	UCEC	SCNAs
ZFPM1	MP6	UCEC	SCNAs	MP6	UCEC	SCNAs
ZG16B	MP1	pan-cancer	SCNAs	MP1	pan-cancer	SCNAs
ZNF18	MP4	UCEC	SCNAs	MP1	UCEC	SCNAs
ZNF18	MP4	UCEC	SCNAs	MP4	UCEC	SCNAs
ZNF18	MP1	UCEC	SCNAs	MP1	UCEC	SCNAs
ZNF18	MP1	UCEC	SCNAs	MP4	UCEC	SCNAs
ZNF214	MP4	UCEC	TSS_methylation	MP1	UCEC	SCNAs
ZNF214	MP4	UCEC	TSS_methylation	MP4	UCEC	SCNAs
ZNF214	MP1	UCEC	TSS_methylation	MP1	UCEC	SCNAs
ZNF214	MP1	UCEC	TSS_methylation	MP4	UCEC	SCNAs
ZNF563	MP6	UCEC	SCNAs	MP6	UCEC	Somatic_Nsy_mutations
ZNF609	MP2	UCEC	SCNAs	MP2	UCEC	SCNAs
ZNF638	MP3	UCEC	SCNAs	MP3	UCEC	Somatic_Nsy_mutations
ZNF638	MP3	UCEC	SCNAs	MP3	UCEC	SCNAs
ZNF704	MP3	pan-cancer	SCNAs	MP3	pan-cancer	SCNAs
ZNF846	MP2	COAD	Germline_missense	MP5	pan-cancer	Somatic_Nsy_mutations
ZWILCH	MP4	UCEC	SCNAs	MP4	UCEC	SCNAs
